{
    "model": {},
    "configuration": {
        "folder_path": "./datasets/gdlc/",
        "lr_decay": true,
        "early_stopping": false,
        "pca": true,
        "digraph_centralities": false,
        "multi_graph_centralities": false,
        "learning_rate": 0.0001,
        "LAMBD_1": 0.0001,
        "LAMBD_2": 0.001,
        "cfg": {
            "multi_class": false,
            "with_network_features": false,
            "n_clients": 5,
            "n_rounds": 20,
            "config_fit": {
                "momentum": 0.9,
                "local_epochs": 5,
                "batch_size": 256
            }
        }
    },
    "baseline": {
        "accuracy": {
            "0": 0.3309670845361351,
            "1": 0.7126805266304036,
            "2": 0.849158552851305,
            "3": 0.8477119997957807,
            "4": 0.8053599045274983,
            "5": 0.8143583154464211,
            "6": 0.8661619331054303,
            "7": 0.8766154062154982,
            "8": 0.8776003386635977,
            "9": 0.8686976555204081,
            "10": 0.8730585875260326,
            "11": 0.8919361049006239,
            "12": 0.8882239944860801,
            "13": 0.9251812977708191,
            "14": 0.9247813683966448,
            "15": 0.9170082730071073,
            "16": 0.9324268267518715,
            "17": 0.9340095259773274,
            "18": 0.9308483820942259,
            "19": 0.9298783406334626,
            "20": 0.93275868304108
        },
        "f1s": {
            "0": 0.3277310106055369,
            "1": 0.7078425673872953,
            "2": 0.8480682243077824,
            "3": 0.8463430842610953,
            "4": 0.8004888609761575,
            "5": 0.8095878843532037,
            "6": 0.8649858355122287,
            "7": 0.8757856599284054,
            "8": 0.8764387517929446,
            "9": 0.868379512168534,
            "10": 0.8729050646318482,
            "11": 0.8917734672379848,
            "12": 0.8873626913462984,
            "13": 0.9249635609493746,
            "14": 0.9245123828209597,
            "15": 0.9166844199213958,
            "16": 0.9322023766624405,
            "17": 0.9338174193456937,
            "18": 0.9306090747499263,
            "19": 0.929652710793864,
            "20": 0.9325355028509622
        }
    },
    "PCA": {
        "accuracy": {
            "0": 0.5421702124943892,
            "1": 0.7888500541393754,
            "2": 0.7865887513481662,
            "3": 0.8358183554819043,
            "4": 0.7983441222082058,
            "5": 0.7548369117794091,
            "6": 0.7040437539753618,
            "7": 0.7414669324353359,
            "8": 0.7486911885773363,
            "9": 0.7199239283275507,
            "10": 0.7536307418051705,
            "11": 0.7170925134497524,
            "12": 0.8390092813396783,
            "13": 0.8081126099008048,
            "14": 0.8837779711242483,
            "15": 0.7577406543099836,
            "16": 0.9014174092660232,
            "17": 0.8849798865306765,
            "18": 0.7884713976042529,
            "19": 0.9083693730681603,
            "20": 0.9227540668350057
        },
        "f1s": {
            "0": 0.5051530301305983,
            "1": 0.7867452664150901,
            "2": 0.781126042259233,
            "3": 0.8322577578024037,
            "4": 0.7939525488736873,
            "5": 0.7455728173692465,
            "6": 0.6998305771471243,
            "7": 0.740923010488953,
            "8": 0.7480482503592053,
            "9": 0.7160141659479223,
            "10": 0.7526250873581208,
            "11": 0.7137191428988496,
            "12": 0.8386996830008308,
            "13": 0.8078702733110408,
            "14": 0.8835599083341791,
            "15": 0.7530301654075052,
            "16": 0.9011949866122992,
            "17": 0.8847554798582189,
            "18": 0.7851806510742716,
            "19": 0.9083754521562692,
            "20": 0.9227426433867244
        }
    },
    "digraph": {
        "accuracy": {},
        "f1s": {}
    },
    "multidigraph": {
        "accuracy": {},
        "f1s": {}
    }
}