{
    "model": {},
    "baseline": {
        "accuracy": {
            "0": 0.5999961708889707,
            "1": 0.7406755828226079,
            "2": 0.8431553576708793,
            "3": 0.7732230265719032,
            "4": 0.8279112412063402,
            "5": 0.8722736197650203,
            "6": 0.9099159084672281,
            "7": 0.8770280992931035,
            "8": 0.9204757457725551,
            "9": 0.9416954027267526,
            "10": 0.9498067362572141,
            "11": 0.9239496003897184,
            "12": 0.9505746857469851,
            "13": 0.9512298891897814,
            "14": 0.9485601478887771,
            "15": 0.947766670992144,
            "16": 0.9478666533356875,
            "17": 0.936519720985443,
            "18": 0.9462116264574554,
            "19": 0.9486728939357518,
            "20": 0.9525381687914687
        },
        "f1s": {
            "0": 0.5939182416779205,
            "1": 0.7361075734198984,
            "2": 0.8422673489249417,
            "3": 0.77323247595305,
            "4": 0.827710801875095,
            "5": 0.8717007836459738,
            "6": 0.9098897318382718,
            "7": 0.8762073121659991,
            "8": 0.9204617922017219,
            "9": 0.9416703027650478,
            "10": 0.9498024265096477,
            "11": 0.9237626109964461,
            "12": 0.9505443938730281,
            "13": 0.9511994423288592,
            "14": 0.9485378607095202,
            "15": 0.9477291029166292,
            "16": 0.9478338310332636,
            "17": 0.936416935701592,
            "18": 0.9461636029295658,
            "19": 0.9486191886460212,
            "20": 0.9524954539468546
        }
    },
    "centralities - PCA": {
        "accuracy": {
            "0": 0.3998825739284339,
            "1": 0.6443117492017367,
            "2": 0.6974385374497695,
            "3": 0.742015771682873,
            "4": 0.7576406719664399,
            "5": 0.7969167147078282,
            "6": 0.7577044904835954,
            "7": 0.724386969960624,
            "8": 0.7546199288210805,
            "9": 0.820561475313934,
            "10": 0.8085487031013672,
            "11": 0.7892159469710668,
            "12": 0.899819819053231,
            "13": 0.9066569095244882,
            "14": 0.9362133921030967,
            "15": 0.8501349761637839,
            "16": 0.8670511377777966,
            "17": 0.850462577885182,
            "18": 0.9337861611672832,
            "19": 0.873713790968829,
            "20": 0.7888585632749961
        },
        "f1s": {
            "0": 0.3632481820215128,
            "1": 0.6285846555275459,
            "2": 0.669195985698703,
            "3": 0.7252000751918769,
            "4": 0.7438557342245594,
            "5": 0.7901103968131645,
            "6": 0.7575390408492292,
            "7": 0.7193130552151419,
            "8": 0.7476761742651286,
            "9": 0.8179349128248172,
            "10": 0.8027450639318603,
            "11": 0.7805957366568462,
            "12": 0.8998067287079528,
            "13": 0.9066057915634069,
            "14": 0.9360858475284773,
            "15": 0.8473912939661393,
            "16": 0.8650593148564196,
            "17": 0.8475814716215168,
            "18": 0.9336166464453466,
            "19": 0.8720019891786388,
            "20": 0.7800179910262313
        }
    },
    "centralities - DiGraph": {
        "accuracy": {},
        "f1s": {}
    },
    "centralities - MultiDiGraph": {
        "accuracy": {},
        "f1s": {}
    }
}