{
    "model": {},
    "configuration": {
        "folder_path": "./datasets/dbp/",
        "lr_decay": true,
        "early_stopping": true,
        "pca": false,
        "digraph_centralities": true,
        "multi_graph_centralities": false,
        "learning_rate": 1e-05,
        "LAMBD_1": 0.0001,
        "LAMBD_2": 0.001,
        "cfg": {
            "multi_class": false,
            "with_network_features": false,
            "n_clients": 5,
            "n_rounds": 20,
            "config_fit": {
                "momentum": 0.9,
                "local_epochs": 5,
                "batch_size": 256
            }
        }
    },
    "baseline": {
        "accuracy": {
            "0": 0.45267112403554266,
            "1": 0.7341299302463608,
            "2": 0.7851336891570212,
            "3": 0.8542044702743984,
            "4": 0.8514219829264194,
            "5": 0.8305682188039134,
            "6": 0.8579442353797095,
            "7": 0.8604033755741007,
            "8": 0.8396538483629487,
            "9": 0.8664427345809145,
            "10": 0.8686593644101148,
            "11": 0.8700910264783027,
            "12": 0.8674510671519711,
            "13": 0.8676318862839115,
            "14": 0.8688976202074953,
            "15": 0.8722863834684513,
            "16": 0.8728884048136181,
            "17": 0.8712163596641445,
            "18": 0.8727160948172982,
            "19": 0.8773386827432602,
            "20": 0.8776981937232361
        },
        "f1s": {
            "0": 0.4296226145029028,
            "1": 0.7340428245819602,
            "2": 0.7849934783393582,
            "3": 0.8534594938004151,
            "4": 0.8500509944040635,
            "5": 0.8294951348547318,
            "6": 0.8564682534386191,
            "7": 0.8597875910599437,
            "8": 0.8376452347596369,
            "9": 0.8649948499672965,
            "10": 0.8671783511613589,
            "11": 0.8685136990179645,
            "12": 0.8657493679301792,
            "13": 0.8659745203762843,
            "14": 0.8672965439434014,
            "15": 0.8707642466943315,
            "16": 0.8714095161397938,
            "17": 0.8696279460890519,
            "18": 0.8712106680424577,
            "19": 0.8760342173922464,
            "20": 0.8763441169501175
        }
    },
    "PCA": {
        "accuracy": {},
        "f1s": {}
    },
    "digraph": {
        "accuracy": {
            "0": 0.4818978776088478,
            "1": 0.781276923436925,
            "2": 0.7576747085089229,
            "3": 0.8462675740241616,
            "4": 0.913838619988385,
            "5": 0.962683185735285,
            "6": 0.9645126498937422,
            "7": 0.9689842006624362,
            "8": 0.9757595999004431,
            "9": 0.9749469774486633,
            "10": 0.9883254659283573,
            "11": 0.9931841823677946,
            "12": 0.9896507638012861,
            "13": 0.9783740318199127,
            "14": 0.9808076446074416,
            "15": 0.9803864423942155,
            "16": 0.9551908918212316,
            "17": 0.9839156063929136,
            "18": 0.9855068147539903,
            "19": 0.9450799114198982,
            "20": 0.9695883492915081
        },
        "f1s": {
            "0": 0.3609849194315193,
            "1": 0.7773008454875794,
            "2": 0.7419962122610508,
            "3": 0.8449063891707612,
            "4": 0.9130709375234469,
            "5": 0.9626088167248908,
            "6": 0.964446760048671,
            "7": 0.96893820733563,
            "8": 0.975735523124792,
            "9": 0.9749207671931245,
            "10": 0.9883245912314407,
            "11": 0.9931836292220371,
            "12": 0.9896482812792352,
            "13": 0.9783561769106006,
            "14": 0.9807944776644233,
            "15": 0.9803725043249076,
            "16": 0.9550669894143462,
            "17": 0.9839071336952643,
            "18": 0.9855002667816803,
            "19": 0.9450607936942601,
            "20": 0.969588069526517
        }
    },
    "multidigraph": {
        "accuracy": {},
        "f1s": {}
    }
}