{
    "model": {},
    "configuration": {
        "folder_path": "./datasets/gdlc/",
        "lr_decay": true,
        "early_stopping": false,
        "pca": true,
        "digraph_centralities": false,
        "multi_graph_centralities": false,
        "learning_rate": 0.001,
        "LAMBD_1": 0.0001,
        "LAMBD_2": 0.001,
        "cfg": {
            "multi_class": false,
            "with_network_features": false,
            "n_clients": 5,
            "n_rounds": 20,
            "config_fit": {
                "momentum": 0.9,
                "local_epochs": 3,
                "batch_size": 256
            }
        }
    },
    "baseline": {
        "accuracy": {
            "0": 0.5033898269029087,
            "1": 0.7199515830183181,
            "2": 0.7232339820840149,
            "3": 0.7685281109931651,
            "4": 0.7260739060974338,
            "5": 0.7232063273932475,
            "6": 0.8139286040975743,
            "7": 0.833614489356135,
            "8": 0.7976144638287281,
            "9": 0.8366267233658737,
            "10": 0.8204721293899162,
            "11": 0.8540576876849407,
            "12": 0.8596418079360454,
            "13": 0.8260307222341586,
            "14": 0.8275517302263643,
            "15": 0.8613585260475278,
            "16": 0.8425788637325748,
            "17": 0.8796127492379006,
            "18": 0.890970318007671,
            "19": 0.8822207993056546,
            "20": 0.8767919707796282
        },
        "f1s": {
            "0": 0.503355599553871,
            "1": 0.7192429417482168,
            "2": 0.7229832833641199,
            "3": 0.7685329045552077,
            "4": 0.7260932899272466,
            "5": 0.7227486357495269,
            "6": 0.8139249020268954,
            "7": 0.833379622838369,
            "8": 0.7972587619583494,
            "9": 0.8364958213046905,
            "10": 0.8197727328735237,
            "11": 0.8538545458775568,
            "12": 0.8590568324589415,
            "13": 0.8247023217202284,
            "14": 0.8268835388210317,
            "15": 0.8608723706429645,
            "16": 0.8412776758948914,
            "17": 0.8793099274890679,
            "18": 0.8906649773980636,
            "19": 0.8819692946392509,
            "20": 0.8763054777160848
        }
    },
    "PCA": {
        "accuracy": {
            "0": 0.44517457555367884,
            "1": 0.6499447969826605,
            "2": 0.5416277550985678,
            "3": 0.681307343596769,
            "4": 0.6644784006228688,
            "5": 0.4915812739452395,
            "6": 0.6895420595937313,
            "7": 0.947336959643297,
            "8": 0.9626257490698451,
            "9": 0.9615727435367797,
            "10": 0.9524871139777443,
            "11": 0.9006452052084419,
            "12": 0.6555225353820495,
            "13": 0.9590114937149397,
            "14": 0.7679069440928517,
            "15": 0.989997511077831,
            "16": 0.9623534567299817,
            "17": 0.9592391130927943,
            "18": 0.9434227572577608,
            "19": 0.9961879072419126,
            "20": 0.9616684713125129
        },
        "f1s": {
            "0": 0.3536782380999846,
            "1": 0.6253728687100446,
            "2": 0.43578608390055024,
            "3": 0.6538035712546751,
            "4": 0.631685516088741,
            "5": 0.32402143029652486,
            "6": 0.6746309242002421,
            "7": 0.9472227638805205,
            "8": 0.9625501958948953,
            "9": 0.961491194460127,
            "10": 0.9523418552935297,
            "11": 0.8999908302442909,
            "12": 0.6121175139420003,
            "13": 0.9589754977085604,
            "14": 0.7565014088938552,
            "15": 0.989998220038004,
            "16": 0.9622762162919184,
            "17": 0.9591672729154974,
            "18": 0.9433158988809396,
            "19": 0.9961876888185139,
            "20": 0.9615878064787509
        }
    },
    "digraph": {
        "accuracy": {},
        "f1s": {}
    },
    "multidigraph": {
        "accuracy": {},
        "f1s": {}
    }
}