{
    "model": {},
    "configuration": {
        "folder_path": "./datasets/dbp/",
        "lr_decay": true,
        "early_stopping": false,
        "pca": false,
        "digraph_centralities": true,
        "multi_graph_centralities": false,
        "learning_rate": 1e-05,
        "LAMBD_1": 0.0001,
        "LAMBD_2": 0.001,
        "cfg": {
            "multi_class": false,
            "with_network_features": false,
            "n_clients": 5,
            "n_rounds": 20,
            "config_fit": {
                "momentum": 0.9,
                "local_epochs": 3,
                "batch_size": 256
            }
        }
    },
    "baseline": {
        "accuracy": {
            "0": 0.5549062612347181,
            "1": 0.7472616537930535,
            "2": 0.7678495074274118,
            "3": 0.7431942869663443,
            "4": 0.7524628629412252,
            "5": 0.7985547233148189,
            "6": 0.7744057964231849,
            "7": 0.7670198667043905,
            "8": 0.8534492844880585,
            "9": 0.8267710170331622,
            "10": 0.8255733561945444,
            "11": 0.7843274485569569,
            "12": 0.8179598070978955,
            "13": 0.8309383662034151,
            "14": 0.8138626582965136,
            "15": 0.8283558435425233,
            "16": 0.8302108351078427,
            "17": 0.8293280122871919,
            "18": 0.821144351103954,
            "19": 0.7843955216419228,
            "20": 0.7890925645045662
        },
        "f1s": {
            "0": 0.5381198943011561,
            "1": 0.737870753183413,
            "2": 0.7676647135631551,
            "3": 0.7431772246254207,
            "4": 0.7524642017844436,
            "5": 0.7977644422659506,
            "6": 0.7674875989348933,
            "7": 0.7573592936508691,
            "8": 0.8516923892427193,
            "9": 0.8239504041871287,
            "10": 0.8224893372157502,
            "11": 0.7799419854034507,
            "12": 0.8159031465988464,
            "13": 0.8291319532353157,
            "14": 0.8100013835461908,
            "15": 0.8255079376074433,
            "16": 0.8282778799959013,
            "17": 0.8263388806002558,
            "18": 0.8190086892416945,
            "19": 0.7760043824769332,
            "20": 0.7834913686244045
        }
    },
    "PCA": {
        "accuracy": {},
        "f1s": {}
    },
    "digraph": {
        "accuracy": {
            "0": 0.614066026637849,
            "1": 0.7376165485669552,
            "2": 0.8994922173318329,
            "3": 0.9174230933686179,
            "4": 0.9300549051975928,
            "5": 0.9651189258067192,
            "6": 0.9722368177534606,
            "7": 0.9888743051758945,
            "8": 0.9930927091598718,
            "9": 0.9944414071557576,
            "10": 0.9970728573464686,
            "11": 0.9705945545786595,
            "12": 0.9968048195744156,
            "13": 0.9987449024959422,
            "14": 0.9978046430098515,
            "15": 0.9991427045862113,
            "16": 0.9991405773023062,
            "17": 0.9986895931144074,
            "18": 0.9986045017582001,
            "19": 0.997740824492696,
            "20": 0.9985747197835276
        },
        "f1s": {
            "0": 0.6129376506885407,
            "1": 0.731988468970478,
            "2": 0.898736235917233,
            "3": 0.916754810586485,
            "4": 0.9298130120706183,
            "5": 0.9650800823983906,
            "6": 0.9722031222326122,
            "7": 0.988871042493701,
            "8": 0.9930916680466253,
            "9": 0.9944407391567682,
            "10": 0.9970726955291822,
            "11": 0.9705965822279006,
            "12": 0.9968046174992768,
            "13": 0.9987448748113296,
            "14": 0.9978045532258917,
            "15": 0.9991426921852418,
            "16": 0.99914056490435,
            "17": 0.9986895622666107,
            "18": 0.9986044668215484,
            "19": 0.9977408642374309,
            "20": 0.9985746835065664
        }
    },
    "multidigraph": {
        "accuracy": {},
        "f1s": {}
    }
}