{
    "model": {},
    "configuration": {
        "folder_path": "./datasets/gdlc/",
        "lr_decay": true,
        "early_stopping": false,
        "pca": true,
        "digraph_centralities": false,
        "Multi_graph_centralities": false,
        "learning_rate": 0.0001,
        "LAMBD_1": 0.0001,
        "LAMBD_2": 0.001,
        "cfg": {
            "multi_class": false,
            "with_network_features": false,
            "n_clients": 5,
            "n_rounds": 20,
            "config_fit": {
                "momentum": 0.9,
                "local_epochs": 5,
                "batch_size": 256
            }
        }
    },
    "baseline": {
        "accuracy": {
            "0": 0.5952565823482237,
            "1": 0.7521863160335516,
            "2": 0.8328167578916915,
            "3": 0.790079624236571,
            "4": 0.7418158069957859,
            "5": 0.8246820242382729,
            "6": 0.8990071966014512,
            "7": 0.914281095040663,
            "8": 0.9061442341033392,
            "9": 0.9022959775188637,
            "10": 0.9149001346570712,
            "11": 0.9086778292344118,
            "12": 0.8853968341760923,
            "13": 0.8797829319503152,
            "14": 0.9151320086027361,
            "15": 0.8939697883139786,
            "16": 0.9229285041152308,
            "17": 0.9377046181206298,
            "18": 0.952529659655848,
            "19": 0.9222924462275811,
            "20": 0.9447693279697416
        },
        "f1s": {
            "0": 0.5565235284894265,
            "1": 0.7512306332033606,
            "2": 0.8309493686761705,
            "3": 0.7892773295165799,
            "4": 0.7417535453099187,
            "5": 0.8235823161188845,
            "6": 0.8986140259008951,
            "7": 0.9139322358243173,
            "8": 0.9056936103619209,
            "9": 0.9015464095290966,
            "10": 0.9143975742179444,
            "11": 0.9081197591898584,
            "12": 0.8840676670732195,
            "13": 0.8782407987413022,
            "14": 0.914658208221337,
            "15": 0.8929107358372584,
            "16": 0.922553927602682,
            "17": 0.9375721675185462,
            "18": 0.9524871890252927,
            "19": 0.9219020042256985,
            "20": 0.9446368924941441
        }
    },
    "centralities - PCA": {
        "accuracy": {
            "0": 0.702380217961509,
            "1": 0.7048138307490379,
            "2": 0.7537583788394815,
            "3": 0.7811407772669933,
            "4": 0.7843912670741124,
            "5": 0.7798622796399785,
            "6": 0.9049231731417643,
            "7": 0.9330139571097019,
            "8": 0.9191781025903936,
            "9": 0.9212585862496623,
            "10": 0.9215500241446724,
            "11": 0.9392064805576887,
            "12": 0.9301591421089467,
            "13": 0.9282105500517993,
            "14": 0.9217053158697507,
            "15": 0.9191653388869625,
            "16": 0.9429036999848963,
            "17": 0.9658294386310503,
            "18": 0.951657473254723,
            "19": 0.9634064622630472,
            "20": 0.9577500143591664
        },
        "f1s": {
            "0": 0.7023649423735827,
            "1": 0.6965643669286588,
            "2": 0.7509953357832752,
            "3": 0.7766335270659022,
            "4": 0.781308687903562,
            "5": 0.7765178304816663,
            "6": 0.9048663558842486,
            "7": 0.9326970783750657,
            "8": 0.9190000086180139,
            "9": 0.9211302603042776,
            "10": 0.9214375133049494,
            "11": 0.9391777889961089,
            "12": 0.9300775941576913,
            "13": 0.9281584598153516,
            "14": 0.9216732723522642,
            "15": 0.9191667885546633,
            "16": 0.9427777814972357,
            "17": 0.9657753748321113,
            "18": 0.9515724825671066,
            "19": 0.9633983366852827,
            "20": 0.9577318701632841
        }
    },
    "centralities - DiGraph": {
        "accuracy": {},
        "f1s": {}
    },
    "centralities - MultiDiGraph": {
        "accuracy": {},
        "f1s": {}
    }
}