{
    "model": {},
    "configuration": {
        "folder_path": "./datasets/gdlc/",
        "lr_decay": false,
        "early_stopping": false,
        "pca": true,
        "digraph_centralities": false,
        "multi_graph_centralities": false,
        "learning_rate": 0.0001,
        "LAMBD_1": 0.0001,
        "LAMBD_2": 0.001,
        "cfg": {
            "multi_class": false,
            "with_network_features": false,
            "n_clients": 5,
            "n_rounds": 20,
            "config_fit": {
                "momentum": 0.9,
                "local_epochs": 3,
                "batch_size": 256
            }
        }
    },
    "pca_columns": [
        "global_pca_1",
        "global_pca_2",
        "global_pca_3",
        "global_pca_4",
        "global_pca_5",
        "global_pca_6",
        "global_pca_7"
    ],
    "baseline": {
        "accuracy": {
            "0": 0.5535022538572976,
            "1": 0.7086344326427461,
            "2": 0.8223505210781926,
            "3": 0.8266774165413342,
            "4": 0.865832204100127,
            "5": 0.871503542991344,
            "6": 0.8823909820180692,
            "7": 0.8980605552636449,
            "8": 0.8823952365858795,
            "9": 0.8680147973868445,
            "10": 0.8640665584588254,
            "11": 0.8014754841166347,
            "12": 0.8452294594784325,
            "13": 0.8742519937968402,
            "14": 0.8495244456829965,
            "15": 0.8950610849573373,
            "16": 0.8424490994143587,
            "17": 0.8351440064839614,
            "18": 0.8545214355762706,
            "19": 0.873749954795217,
            "20": 0.8765600968339634
        },
        "f1s": {
            "0": 0.5527534007523459,
            "1": 0.698545635748201,
            "2": 0.8223529662542189,
            "3": 0.8243116522364633,
            "4": 0.8651398265962328,
            "5": 0.8707813092250162,
            "6": 0.8823113410192283,
            "7": 0.8979083931633344,
            "8": 0.8820040449953108,
            "9": 0.8669834703573973,
            "10": 0.8636080699715178,
            "11": 0.7996488268433811,
            "12": 0.8440758870013273,
            "13": 0.8740159156058523,
            "14": 0.8482151399355581,
            "15": 0.8949335786464012,
            "16": 0.8417509458976168,
            "17": 0.8334018023171627,
            "18": 0.8526251868252561,
            "19": 0.8730356745892476,
            "20": 0.8757658422737015
        }
    },
    "PCA": {
        "accuracy": {
            "0": 0.3914968207742037,
            "1": 0.6579710391569148,
            "2": 0.7376527123933433,
            "3": 0.7710936153828154,
            "4": 0.7811854502290021,
            "5": 0.8009840815345375,
            "6": 0.9936287847039779,
            "7": 0.9994596698880835,
            "8": 0.999336287421583,
            "9": 0.862281767262377,
            "10": 0.9995149792696183,
            "11": 0.9987321387925111,
            "12": 0.9972451673427885,
            "13": 0.9995319975408598,
            "14": 0.9995405066764805,
            "15": 0.9991682319930736,
            "16": 0.8060810537713553,
            "17": 0.9983492276895782,
            "18": 0.9671143181097807,
            "19": 0.99743875017816,
            "20": 0.8696485514260248
        },
        "f1s": {
            "0": 0.31369524123081227,
            "1": 0.6456169483563349,
            "2": 0.7320550838211384,
            "3": 0.7640191244098457,
            "4": 0.7720266329422899,
            "5": 0.7938382355487228,
            "6": 0.9936291509710932,
            "7": 0.9994596654288589,
            "8": 0.9993362804766659,
            "9": 0.8600251497842885,
            "10": 0.9995149756697417,
            "11": 0.9987321116571787,
            "12": 0.9972452455335301,
            "13": 0.9995319945240871,
            "14": 0.9995405037145582,
            "15": 0.99916822009211,
            "16": 0.7992702767973362,
            "17": 0.9983491775739081,
            "18": 0.9670604108480735,
            "19": 0.9974386235925663,
            "20": 0.8670933332186284
        }
    },
    "digraph": {
        "accuracy": {},
        "f1s": {}
    },
    "multidigraph": {
        "accuracy": {},
        "f1s": {}
    }
}