{
    "model": {},
    "configuration": {
        "folder_path": "./datasets/dbp/",
        "lr_decay": true,
        "early_stopping": true,
        "pca": false,
        "digraph_centralities": true,
        "multi_graph_centralities": false,
        "learning_rate": 1e-05,
        "LAMBD_1": 0.0001,
        "LAMBD_2": 0.001,
        "cfg": {
            "multi_class": false,
            "with_network_features": false,
            "n_clients": 5,
            "n_rounds": 20,
            "config_fit": {
                "momentum": 0.9,
                "local_epochs": 5,
                "batch_size": 256
            }
        }
    },
    "baseline": {
        "accuracy": {
            "0": 0.4476252066124493,
            "1": 0.4476252066124493,
            "2": 0.4476252066124493,
            "3": 0.4476252066124493,
            "4": 0.4476252066124493,
            "5": 0.4476252066124493,
            "6": 0.4476252066124493,
            "7": 0.4476252066124493,
            "8": 0.4476252066124493,
            "9": 0.4476252066124493,
            "10": 0.4476252066124493,
            "11": 0.4476252066124493,
            "12": 0.4476252066124493,
            "13": 0.4476252066124493,
            "14": 0.4476252066124493,
            "15": 0.4476252066124493,
            "16": 0.4476252066124493,
            "17": 0.4476252066124493,
            "18": 0.4476252066124493,
            "19": 0.4476252066124493,
            "20": 0.4476252066124493
        },
        "f1s": {
            "0": 0.406076198462321,
            "1": 0.406076198462321,
            "2": 0.406076198462321,
            "3": 0.406076198462321,
            "4": 0.406076198462321,
            "5": 0.406076198462321,
            "6": 0.406076198462321,
            "7": 0.406076198462321,
            "8": 0.406076198462321,
            "9": 0.406076198462321,
            "10": 0.406076198462321,
            "11": 0.406076198462321,
            "12": 0.406076198462321,
            "13": 0.406076198462321,
            "14": 0.406076198462321,
            "15": 0.406076198462321,
            "16": 0.406076198462321,
            "17": 0.406076198462321,
            "18": 0.406076198462321,
            "19": 0.406076198462321,
            "20": 0.406076198462321
        }
    },
    "PCA": {
        "accuracy": {},
        "f1s": {}
    },
    "digraph": {
        "accuracy": {
            "0": 0.5090250019677376,
            "1": 0.5090250019677376,
            "2": 0.5090250019677376,
            "3": 0.5090250019677376,
            "4": 0.5090250019677376,
            "5": 0.5090250019677376,
            "6": 0.5090250019677376,
            "7": 0.5090250019677376,
            "8": 0.5090250019677376,
            "9": 0.5090250019677376,
            "10": 0.5090250019677376,
            "11": 0.5090250019677376,
            "12": 0.5090250019677376,
            "13": 0.5090250019677376,
            "14": 0.5090250019677376,
            "15": 0.5090250019677376,
            "16": 0.5090250019677376,
            "17": 0.5090250019677376,
            "18": 0.5090250019677376,
            "19": 0.5090250019677376,
            "20": 0.5090250019677376
        },
        "f1s": {
            "0": 0.4067003535394868,
            "1": 0.4067003535394868,
            "2": 0.4067003535394868,
            "3": 0.4067003535394868,
            "4": 0.4067003535394868,
            "5": 0.4067003535394868,
            "6": 0.4067003535394868,
            "7": 0.4067003535394868,
            "8": 0.4067003535394868,
            "9": 0.4067003535394868,
            "10": 0.4067003535394868,
            "11": 0.4067003535394868,
            "12": 0.4067003535394868,
            "13": 0.4067003535394868,
            "14": 0.4067003535394868,
            "15": 0.4067003535394868,
            "16": 0.4067003535394868,
            "17": 0.4067003535394868,
            "18": 0.4067003535394868,
            "19": 0.4067003535394868,
            "20": 0.4067003535394868
        }
    },
    "multidigraph": {
        "accuracy": {},
        "f1s": {}
    }
}