{
    "model": "CNN - LSTM",
    "configuration": {
        "folder_path": "./datasets/gdlc/",
        "lr_decay": true,
        "early_stopping": false,
        "pca": true,
        "digraph_centralities": false,
        "multi_graph_centralities": false,
        "learning_rate": 0.001,
        "LAMBD_1": 0.0001,
        "LAMBD_2": 0.001,
        "cfg": {
            "multi_class": false,
            "with_network_features": false,
            "n_clients": 5,
            "n_rounds": 20,
            "config_fit": {
                "momentum": 0.9,
                "local_epochs": 3,
                "batch_size": 256
            }
        }
    },
    "baseline": {
        "accuracy": {
            "0": 0.4058496052824714,
            "1": 0.46656866978810124,
            "2": 0.6298866370406928,
            "3": 0.6299334372866068,
            "4": 0.7130081283518017,
            "5": 0.7199260556114558,
            "6": 0.7611549449778018,
            "7": 0.7983973043058353,
            "8": 0.7779945243712281,
            "9": 0.7503611064429048,
            "10": 0.756477047670305,
            "11": 0.7341341848141711,
            "12": 0.7361487226723792,
            "13": 0.7801813722257559,
            "14": 0.7924153819644616,
            "15": 0.7707149588476928,
            "16": 0.7343086220943961,
            "17": 0.8016818306554374,
            "18": 0.8367990333621935,
            "19": 0.7518778598673,
            "20": 0.818640537947554
        },
        "f1s": {
            "0": 0.4018853643965572,
            "1": 0.3657364544906179,
            "2": 0.6034594677576129,
            "3": 0.5999023285210836,
            "4": 0.711581133262843,
            "5": 0.7178123934165732,
            "6": 0.7511223831150249,
            "7": 0.7946847967721757,
            "8": 0.776172250917505,
            "9": 0.73851215036735,
            "10": 0.7517703246699904,
            "11": 0.7195158455541845,
            "12": 0.7223971071619848,
            "13": 0.7740219381223898,
            "14": 0.7882053198794755,
            "15": 0.7633929975600179,
            "16": 0.7241218957986599,
            "17": 0.7969877697697978,
            "18": 0.8359249085962619,
            "19": 0.7502304170140809,
            "20": 0.8164555271481548
        }
    },
    "PCA": {
        "accuracy": {
            "0": 0.5151345613434223,
            "1": 0.6760125339567693,
            "2": 0.7144355358521793,
            "3": 0.7194857078430831,
            "4": 0.725982432889511,
            "5": 0.640367764841528,
            "6": 0.6544227296030701,
            "7": 0.7251634285860157,
            "8": 0.9609154128100782,
            "9": 0.8264987246932989,
            "10": 0.7414073684859908,
            "11": 0.9807225532512344,
            "12": 0.9637170457132038,
            "13": 0.967550411310343,
            "14": 0.881446467964168,
            "15": 0.9214628055045598,
            "16": 0.9178613138530856,
            "17": 0.9853834322874897,
            "18": 0.91750605744092,
            "19": 0.4792409000112746,
            "20": 0.7174541517136336
        },
        "f1s": {
            "0": 0.4671133246744522,
            "1": 0.6586516138998311,
            "2": 0.6909654356947206,
            "3": 0.6976628749993234,
            "4": 0.7061683755322459,
            "5": 0.5902960547567887,
            "6": 0.6105576331698269,
            "7": 0.7043730481611014,
            "8": 0.9608305897514394,
            "9": 0.821703469807503,
            "10": 0.7243122349053394,
            "11": 0.9807219007949434,
            "12": 0.963649556167808,
            "13": 0.9675486382545033,
            "14": 0.8800178707132957,
            "15": 0.9210907773974999,
            "16": 0.9174248656517214,
            "17": 0.9853844251503638,
            "18": 0.9171121462002477,
            "19": 0.42613254102892545,
            "20": 0.6957276034765513
        }
    },
    "digraph": {
        "accuracy": {},
        "f1s": {}
    },
    "multidigraph": {
        "accuracy": {},
        "f1s": {}
    }
}