{
    "model": {},
    "baseline": {
        "accuracy": {
            "0": 0.38320679539570673,
            "1": 0.7773797393226303,
            "2": 0.7966827134782581,
            "3": 0.8135286747234,
            "4": 0.8111865351437938,
            "5": 0.8394028288621371,
            "6": 0.8598524090426585,
            "7": 0.9097967805685379,
            "8": 0.8958035070402461,
            "9": 0.9161360866059823,
            "10": 0.9274936553757528,
            "11": 0.9553844746566031,
            "12": 0.9316439862747642,
            "13": 0.9267001784791197,
            "14": 0.9287083344856121,
            "15": 0.944343871188705,
            "16": 0.9519765658405005,
            "17": 0.9590753122320952,
            "18": 0.9499577734144822,
            "19": 0.9507193410525375,
            "20": 0.9510065243797372
        },
        "f1s": {
            "0": 0.35062351743748504,
            "1": 0.7758211203446512,
            "2": 0.7954898398320458,
            "3": 0.8133295160089288,
            "4": 0.8111923269577846,
            "5": 0.8393866488630324,
            "6": 0.8598435801109926,
            "7": 0.9097442097261293,
            "8": 0.8956559799343624,
            "9": 0.9161211806191705,
            "10": 0.9274570253805402,
            "11": 0.9553796604548845,
            "12": 0.9314890133686873,
            "13": 0.9264633859227497,
            "14": 0.9285348648363688,
            "15": 0.9442416056931956,
            "16": 0.9519329364146418,
            "17": 0.9590540223116781,
            "18": 0.9498868961861173,
            "19": 0.9506712870920295,
            "20": 0.9509354052131864
        }
    },
    "centralities - PCA": {
        "accuracy": {
            "0": 0.5804102679739536,
            "1": 0.7427369209267299,
            "2": 0.8299257790645482,
            "3": 0.8309298570677944,
            "4": 0.7524118081275009,
            "5": 0.7512098927210726,
            "6": 0.7350084984992012,
            "7": 0.7580278376371832,
            "8": 0.7190219599517532,
            "9": 0.7614570192923378,
            "10": 0.7851975076741767,
            "11": 0.8499541570318433,
            "12": 0.9315291129438844,
            "13": 0.859999191632116,
            "14": 0.815753813688221,
            "15": 0.9590604212447589,
            "16": 0.8888132521278157,
            "17": 0.959492259877511,
            "18": 0.9787994886009492,
            "19": 0.9478134712380579,
            "20": 0.9859556716579838
        },
        "f1s": {
            "0": 0.5698994799204669,
            "1": 0.7427030559337457,
            "2": 0.8256250449857225,
            "3": 0.8270769284945803,
            "4": 0.7403765242921237,
            "5": 0.7442548331646719,
            "6": 0.7334744705536347,
            "7": 0.7568216851282177,
            "8": 0.7149046572117114,
            "9": 0.7542801631092718,
            "10": 0.7769534292770812,
            "11": 0.8489237080305182,
            "12": 0.9315181358821003,
            "13": 0.8588664326277614,
            "14": 0.8103192414294029,
            "15": 0.9590630719189612,
            "16": 0.8885207915363525,
            "17": 0.9594820704732252,
            "18": 0.9788000035413537,
            "19": 0.9477708859971982,
            "20": 0.9859564900229912
        }
    },
    "centralities - DiGraph": {
        "accuracy": {
            "0": 0.5542829670504996,
            "1": 0.7423199732813142,
            "2": 1.0,
            "3": 0.7257697044989927,
            "4": 0.973417460320837,
            "5": 0.9999510724701808,
            "6": 0.9995830523545842,
            "7": 0.9995000882822821,
            "8": 0.9662485135603712,
            "9": 0.9640510292863175,
            "10": 0.9994235060616955,
            "11": 0.9681907237658031,
            "12": 0.9959326331732907,
            "13": 0.999115049895444,
            "14": 0.9977812428868944,
            "15": 0.9787909794653284,
            "16": 0.9977812428868944,
            "17": 0.9678822675995515,
            "18": 0.9977812428868944,
            "19": 0.9973898226483409,
            "20": 0.9979471710314987
        },
        "f1s": {
            "0": 0.47310557699285927,
            "1": 0.7226066989334718,
            "2": 1.0,
            "3": 0.7050398040565213,
            "4": 0.9733867204367946,
            "5": 0.9999510724614104,
            "6": 0.9995830493540939,
            "7": 0.9995000839481688,
            "8": 0.9661907366566148,
            "9": 0.9639826212754126,
            "10": 0.9994235006249489,
            "11": 0.9681413957173101,
            "12": 0.9959322871837837,
            "13": 0.9991150360120201,
            "14": 0.9977811490413245,
            "15": 0.9787738404946633,
            "16": 0.9977811490413245,
            "17": 0.9678316466221757,
            "18": 0.9977811490413245,
            "19": 0.9973896901010086,
            "20": 0.9979470913974205
        }
    },
    "centralities - MultiDiGraph": {
        "accuracy": {},
        "f1s": {}
    }
}