{
    "model": {},
    "configuration": {
        "folder_path": "./datasets/gdlc/",
        "lr_decay": true,
        "early_stopping": false,
        "pca": true,
        "digraph_centralities": true,
        "multi_graph_centralities": false,
        "learning_rate": 0.0001,
        "LAMBD_1": 0.0001,
        "LAMBD_2": 0.001,
        "cfg": {
            "multi_class": false,
            "with_network_features": false,
            "n_clients": 5,
            "n_rounds": 20,
            "config_fit": {
                "momentum": 0.9,
                "local_epochs": 5,
                "batch_size": 256
            }
        }
    },
    "baseline": {
        "accuracy": {
            "0": 0.5052341820487021,
            "1": 0.7727550241127631,
            "2": 0.8527323898120119,
            "3": 0.8602927568110312,
            "4": 0.8523494787090791,
            "5": 0.8461569552610921,
            "6": 0.8549490196412123,
            "7": 0.8675510494955146,
            "8": 0.8793021657877439,
            "9": 0.8785980348151284,
            "10": 0.8994092532595308,
            "11": 0.8723012744557876,
            "12": 0.8861116015682337,
            "13": 0.880059478857989,
            "14": 0.8899790037078559,
            "15": 0.8930465470991293,
            "16": 0.9097989078524431,
            "17": 0.8997240912774978,
            "18": 0.9044126250045205,
            "19": 0.925062169872129,
            "20": 0.9128579421080958
        },
        "f1s": {
            "0": 0.5045650423835026,
            "1": 0.7716223332925426,
            "2": 0.852063088713828,
            "3": 0.8585459488738059,
            "4": 0.8501724118463261,
            "5": 0.843184379235396,
            "6": 0.8526472654967813,
            "7": 0.8658521375820819,
            "8": 0.8778905822054917,
            "9": 0.8771878530677542,
            "10": 0.8987081944580977,
            "11": 0.8710240185335065,
            "12": 0.885273857258485,
            "13": 0.8789533395324256,
            "14": 0.888968329352101,
            "15": 0.8923282086700073,
            "16": 0.9093492501233588,
            "17": 0.8990179623489643,
            "18": 0.9037860199975148,
            "19": 0.9248005456971085,
            "20": 0.9125007149223018
        }
    },
    "PCA": {
        "accuracy": {
            "0": 0.3702197271545663,
            "1": 0.6678267454896263,
            "2": 0.6625532086886784,
            "3": 0.6717834935532662,
            "4": 0.7253867933960598,
            "5": 0.7271184024948786,
            "6": 0.7442940927453237,
            "7": 0.7473977999629853,
            "8": 0.7338427469191611,
            "9": 0.7236934754075344,
            "10": 0.7416690244063282,
            "11": 0.7214981184173859,
            "12": 0.7381781515179234,
            "13": 0.7528564104636841,
            "14": 0.7544795280833385,
            "15": 0.756104772986898,
            "16": 0.8502349585073274,
            "17": 0.7389843921179877,
            "18": 0.9403892504089704,
            "19": 0.9196524869012493,
            "20": 0.8794978759070207
        },
        "f1s": {
            "0": 0.37022815423335265,
            "1": 0.6556290040207754,
            "2": 0.6533386713604428,
            "3": 0.6596350010893803,
            "4": 0.7178371453329013,
            "5": 0.7176512401765635,
            "6": 0.7376955601416121,
            "7": 0.7401591979611988,
            "8": 0.7276902322330118,
            "9": 0.7186028596176529,
            "10": 0.7355567760297755,
            "11": 0.717804572254011,
            "12": 0.7338236018699078,
            "13": 0.7488605218168913,
            "14": 0.7490781327264147,
            "15": 0.7506673768248916,
            "16": 0.8502447578913149,
            "17": 0.7342713238902772,
            "18": 0.9401830058642736,
            "19": 0.9190298728490464,
            "20": 0.8794411243488627
        }
    },
    "digraph": {
        "accuracy": {},
        "f1s": {}
    },
    "multidigraph": {
        "accuracy": {},
        "f1s": {}
    }
}