{
    "model": {},
    "baseline": {
        "accuracy": {
            "0": 0.5523854298070766,
            "1": 0.8080083729894508,
            "2": 0.8267476169102053,
            "3": 0.8342377835403535,
            "4": 0.8722055466800543,
            "5": 0.8867880778500818,
            "6": 0.918227206684777,
            "7": 0.9154596103241343,
            "8": 0.9443651440277568,
            "9": 0.9087182476286103,
            "10": 0.9037127485997154,
            "11": 0.9523509678078127,
            "12": 0.9580903797839956,
            "13": 0.9591391307492506,
            "14": 0.9598687891287283,
            "15": 0.953240172480179,
            "16": 0.9564842804355826,
            "17": 0.9582520533607894,
            "18": 0.9558694953869848,
            "19": 0.9606367386184993,
            "20": 0.9614238336634169
        },
        "f1s": {
            "0": 0.552416903989311,
            "1": 0.8035713318598213,
            "2": 0.8255940433375633,
            "3": 0.8316937834638436,
            "4": 0.8713198730477947,
            "5": 0.8862222923287821,
            "6": 0.9181261404934712,
            "7": 0.9152798461144797,
            "8": 0.9443501491335294,
            "9": 0.9084309702507237,
            "10": 0.9033127645901428,
            "11": 0.9523317856423344,
            "12": 0.958071322549697,
            "13": 0.9591209594323169,
            "14": 0.9598487564143111,
            "15": 0.9531985231582679,
            "16": 0.9564626069023875,
            "17": 0.9582348032788038,
            "18": 0.955860732562638,
            "19": 0.9606216037833811,
            "20": 0.9614111603931683
        }
    },
    "centralities - PCA": {
        "accuracy": {
            "0": 0.5358479247281863,
            "1": 0.7708830142762023,
            "2": 0.8496095370392037,
            "3": 0.8424193174396862,
            "4": 0.828562190081326,
            "5": 0.8548596737171946,
            "6": 0.8186554289348902,
            "7": 0.8109546611981289,
            "8": 0.8091719972855858,
            "9": 0.8425746091647646,
            "10": 0.85148792872748,
            "11": 0.8357949553589472,
            "12": 0.8132287276927691,
            "13": 0.830563964236103,
            "14": 0.8516623660077051,
            "15": 0.8538024136163188,
            "16": 0.8733202434463702,
            "17": 0.8754645456227943,
            "18": 0.8794978759070207,
            "19": 0.8721353463111834,
            "20": 0.8811890666116409
        },
        "f1s": {
            "0": 0.5291422691942844,
            "1": 0.7707358851293993,
            "2": 0.84960300539564,
            "3": 0.8424249302632731,
            "4": 0.828561930734691,
            "5": 0.8548188324488933,
            "6": 0.8185364307378643,
            "7": 0.8106835166946659,
            "8": 0.8088603270117957,
            "9": 0.8423860519797297,
            "10": 0.8513002326086595,
            "11": 0.8356245250756872,
            "12": 0.8125251882427986,
            "13": 0.8297080980528057,
            "14": 0.8504936938050178,
            "15": 0.8525938743371031,
            "16": 0.8723692594383566,
            "17": 0.8743530202772177,
            "18": 0.8784702151878292,
            "19": 0.870683465255014,
            "20": 0.8801309137652381
        }
    },
    "centralities - DiGraph": {
        "accuracy": {},
        "f1s": {}
    },
    "centralities - MultiDiGraph": {
        "accuracy": {},
        "f1s": {}
    }
}