{
    "model": {},
    "configuration": {
        "folder_path": "./datasets/dbp/",
        "lr_decay": true,
        "early_stopping": false,
        "pca": false,
        "digraph_centralities": true,
        "multi_graph_centralities": false,
        "learning_rate": 0.0001,
        "LAMBD_1": 0.0001,
        "LAMBD_2": 0.001,
        "cfg": {
            "multi_class": false,
            "with_network_features": false,
            "n_clients": 5,
            "n_rounds": 20,
            "config_fit": {
                "momentum": 0.9,
                "local_epochs": 5,
                "batch_size": 256
            }
        }
    },
    "baseline": {
        "accuracy": {
            "0": 0.41950676795374436,
            "1": 0.7348489522063125,
            "2": 0.8430085750814218,
            "3": 0.8622136941774112,
            "4": 0.8636155742709266,
            "5": 0.8349334053773483,
            "6": 0.8553106579050933,
            "7": 0.8638623392039279,
            "8": 0.8496137916070141,
            "9": 0.8391433002257048,
            "10": 0.8625902234286286,
            "11": 0.8694273138998858,
            "12": 0.8400452686015023,
            "13": 0.8417492230095537,
            "14": 0.8462526830368254,
            "15": 0.8573251957633014,
            "16": 0.8715077975591544,
            "17": 0.8706164656028829,
            "18": 0.8655535299085481,
            "19": 0.8407217448833504,
            "20": 0.8537215768279218
        },
        "f1s": {
            "0": 0.4172291462671618,
            "1": 0.7318438740979846,
            "2": 0.8425432284299169,
            "3": 0.8620657896186694,
            "4": 0.8634051304283191,
            "5": 0.8317207165290833,
            "6": 0.8530426259519729,
            "7": 0.8620386530627501,
            "8": 0.846800518007419,
            "9": 0.8376502852802643,
            "10": 0.8610144544285024,
            "11": 0.8680450832532233,
            "12": 0.8385205110298982,
            "13": 0.8405446157690017,
            "14": 0.8446861106561229,
            "15": 0.8562961546992855,
            "16": 0.8700125446144178,
            "17": 0.8694116229096192,
            "18": 0.8646165650440597,
            "19": 0.8387777225779512,
            "20": 0.8517206997366029
        }
    },
    "PCA": {
        "accuracy": {},
        "f1s": {}
    },
    "digraph": {
        "accuracy": {
            "0": 0.46700263570475853,
            "1": 0.6394041052324803,
            "2": 0.9575628133755103,
            "3": 0.9456032232605731,
            "4": 0.9890593788756453,
            "5": 0.9579499790462536,
            "6": 0.9515915274536625,
            "7": 0.9457627695534618,
            "8": 0.9280254763520485,
            "9": 0.9010493891504266,
            "10": 0.894148480162014,
            "11": 0.8903555329590732,
            "12": 0.8939676610300734,
            "13": 0.8939336244875905,
            "14": 0.8860711831740352,
            "15": 0.8939697883139786,
            "16": 0.8939697883139786,
            "17": 0.8824335276961728,
            "18": 0.8939719155978838,
            "19": 0.8836077884118336,
            "20": 0.8918169770019337
        },
        "f1s": {
            "0": 0.4510211449118834,
            "1": 0.617810768963351,
            "2": 0.9575648966213376,
            "3": 0.9455807379157856,
            "4": 0.9890560729754211,
            "5": 0.9578457277561944,
            "6": 0.9514382607735203,
            "7": 0.9455530085485401,
            "8": 0.9275625923807085,
            "9": 0.8999015748806349,
            "10": 0.8927541748531267,
            "11": 0.8888109397207112,
            "12": 0.8925652914474739,
            "13": 0.8925297409307197,
            "14": 0.8843443376432724,
            "15": 0.8925673937040282,
            "16": 0.8925672873758488,
            "17": 0.8805416375090397,
            "18": 0.8925694959616721,
            "19": 0.8817702907368092,
            "20": 0.8903305586662643
        }
    },
    "multidigraph": {
        "accuracy": {},
        "f1s": {}
    }
}