{
    "model": "bdp",
    "baseline": {
        "accuracy": {
            "0": 0.5163215857625143,
            "1": 0.7523628805976816,
            "2": 0.7543263636421653,
            "3": 0.7767819725452739,
            "4": 0.806323564136546,
            "5": 0.8036623319711625,
            "6": 0.8582314187069092,
            "7": 0.858065490562305,
            "8": 0.9023108685062,
            "9": 0.8985647215491732,
            "10": 0.8937357870844085,
            "11": 0.9149235347800282,
            "12": 0.9260939025661425,
            "13": 0.9124090852041022,
            "14": 0.920324708615287,
            "15": 0.9231582507769904,
            "16": 0.9454947317814089,
            "17": 0.9283062778275326,
            "18": 0.9346626021362185,
            "19": 0.9390384251291793,
            "20": 0.9479134535816015
        },
        "f1s": {
            "0": 0.40983401289092697,
            "1": 0.7518637734678187,
            "2": 0.7531777444701475,
            "3": 0.7767975208558654,
            "4": 0.8061114263766284,
            "5": 0.8030930536176466,
            "6": 0.8581651987638069,
            "7": 0.8578554692721924,
            "8": 0.9022688881228758,
            "9": 0.8984132948868251,
            "10": 0.8933946436222966,
            "11": 0.9147744280460798,
            "12": 0.9259762123611145,
            "13": 0.9120635849204897,
            "14": 0.9201321496030004,
            "15": 0.9229412357606064,
            "16": 0.9454231539343962,
            "17": 0.9280924297581902,
            "18": 0.9344941944253982,
            "19": 0.9389101133543287,
            "20": 0.9478386230741478
        }
    },
    "centralities - PCA": {
        "accuracy": {
            "0": 0.6232112201462295,
            "1": 0.7807855208548278,
            "2": 0.7913623764313962,
            "3": 0.8303639995490159,
            "4": 0.7325514855887152,
            "5": 0.7922090354256589,
            "6": 0.8440083985168577,
            "7": 0.8581995094483315,
            "8": 0.783757336470368,
            "9": 0.8705420106662015,
            "10": 0.9039190951385181,
            "11": 0.955499347987483,
            "12": 0.9496003897184114,
            "13": 0.9774146267786753,
            "14": 0.990429349710583,
            "15": 0.9889423782608603,
            "16": 0.9917950659777103,
            "17": 0.9939095861794619,
            "18": 0.9866938391730822,
            "19": 0.994900900479277,
            "20": 0.9969367111765369
        },
        "f1s": {
            "0": 0.6228313988067343,
            "1": 0.7789008215332419,
            "2": 0.7829430654724154,
            "3": 0.8265471043667159,
            "4": 0.7135745890690423,
            "5": 0.7845783818851975,
            "6": 0.8440137358152365,
            "7": 0.8571781605201455,
            "8": 0.7751568261353958,
            "9": 0.8698617578219617,
            "10": 0.9034802683156753,
            "11": 0.9555025017704036,
            "12": 0.9495232181319867,
            "13": 0.9774154604765283,
            "14": 0.990430019986901,
            "15": 0.9889427436782492,
            "16": 0.9917951677915252,
            "17": 0.993909914319958,
            "18": 0.9866946324218235,
            "19": 0.9949011429639659,
            "20": 0.9969367786650295
        }
    },
    "centralities - DiGraph": {
        "accuracy": {
            "0": 0.5618412067656138,
            "1": 0.6179695926038593,
            "2": 0.6923585834841932,
            "3": 0.6745127988036155,
            "4": 0.7040905542212759,
            "5": 0.7143738446189289,
            "6": 0.9635170810261167,
            "7": 0.9613047057647267,
            "8": 0.8149582095076827,
            "9": 0.9544208150475554,
            "10": 0.9479623811114207,
            "11": 0.9841049346604749,
            "12": 0.946277572258516,
            "13": 0.9575372859686481,
            "14": 0.9778741201021948,
            "15": 0.959992171595229,
            "16": 0.9459648615244541,
            "17": 0.945962734240549,
            "18": 0.9537507206174228,
            "19": 0.948419747151035,
            "20": 0.9605473926944816
        },
        "f1s": {
            "0": 0.5038884865874059,
            "1": 0.5960590426737953,
            "2": 0.658039167666551,
            "3": 0.6477414763064027,
            "4": 0.6780648012503911,
            "5": 0.6924524220234962,
            "6": 0.9634461610724007,
            "7": 0.9612215785084466,
            "8": 0.8116964387258963,
            "9": 0.9542909559258711,
            "10": 0.94777517339637,
            "11": 0.9840967051685835,
            "12": 0.9460731971171025,
            "13": 0.9574302444777203,
            "14": 0.977859631122121,
            "15": 0.9599009548946079,
            "16": 0.9457568833458788,
            "17": 0.9457547333799419,
            "18": 0.953615520759451,
            "19": 0.9482372359534533,
            "20": 0.9604594982543619
        }
    },
    "centralities - MultiDiGraph": {
        "accuracy": {},
        "f1s": {}
    }
}