{
    "model": {
        "lr": 0.001,
        "lr_decay": false
    },
    "baseline": {
        "accuracy": {
            "0": 0.5784893306075736,
            "1": 0.7450620422350946,
            "2": 0.7569110135869623,
            "3": 0.8327465575228205,
            "4": 0.8120395759897721,
            "5": 0.8210230959213586,
            "6": 0.8205402024748821,
            "7": 0.8601949017513928,
            "8": 0.826430651608333,
            "9": 0.846620703152422,
            "10": 0.86610024187218,
            "11": 0.8384455511048049,
            "12": 0.8675765769023768,
            "13": 0.8777194665622879,
            "14": 0.8329933224558216,
            "15": 0.8230610339025236,
            "16": 0.814926300249105,
            "17": 0.8591397689344222,
            "18": 0.8619499109731685,
            "19": 0.8733755528279049,
            "20": 0.8955205782808567
        },
        "f1s": {
            "0": 0.5589579033346866,
            "1": 0.7450617396432551,
            "2": 0.7530078478841594,
            "3": 0.8301733188429617,
            "4": 0.811521287881091,
            "5": 0.8204573035502586,
            "6": 0.820081040572869,
            "7": 0.8601983913233286,
            "8": 0.8264296235511498,
            "9": 0.8466169666002754,
            "10": 0.865949099491604,
            "11": 0.8382410190626388,
            "12": 0.8674413409239501,
            "13": 0.8777274035606472,
            "14": 0.8327024472238149,
            "15": 0.8224382727065059,
            "16": 0.8141699698518197,
            "17": 0.8588518422666467,
            "18": 0.8619015666510454,
            "19": 0.8729973183512864,
            "20": 0.895518554555198
        }
    },
    "centralities - PCA": {
        "accuracy": {
            "0": 0.5080507059391639,
            "1": 0.7085195593118662,
            "2": 0.7739590668030965,
            "3": 0.7824490568686806,
            "4": 0.7749439992511961,
            "5": 0.8372989450799114,
            "6": 0.821935700716682,
            "7": 0.7770627740207581,
            "8": 0.7832106245067361,
            "9": 0.7641693062714456,
            "10": 0.8019073227493868,
            "11": 0.7649691650197944,
            "12": 0.7302880555136008,
            "13": 0.8698782980877845,
            "14": 0.8194042328695146,
            "15": 0.7626078798850415,
            "16": 0.7589042786061185,
            "17": 0.7806408655492754,
            "18": 0.8621094572660573,
            "19": 0.7791517668156475,
            "20": 0.7755438933124575
        },
        "f1s": {
            "0": 0.5039280276610872,
            "1": 0.702858419063691,
            "2": 0.7640046552126432,
            "3": 0.7727130228111373,
            "4": 0.7640514207860792,
            "5": 0.8344788792654892,
            "6": 0.8169370980946489,
            "7": 0.7666850177267783,
            "8": 0.77354562623809,
            "9": 0.7557215842671217,
            "10": 0.7949386632174077,
            "11": 0.7526559441531913,
            "12": 0.726897469749063,
            "13": 0.8689513347947598,
            "14": 0.8189075634366862,
            "15": 0.752472864346589,
            "16": 0.7490622367715865,
            "17": 0.7715150652547723,
            "18": 0.8612665322625431,
            "19": 0.7702061062465867,
            "20": 0.7652958573172683
        }
    },
    "centralities - DiGraph": {
        "accuracy": {},
        "f1s": {}
    },
    "centralities - MultiDiGraph": {
        "accuracy": {},
        "f1s": {}
    }
}