{
    "model": {
        "lr": 0.01,
        "lr_decay": false
    },
    "baseline": {
        "accuracy": {
            "0": 0.5244307920090707,
            "1": 0.7135718585866752,
            "2": 0.7233807646734726,
            "3": 0.6936455902468287,
            "4": 0.7262845072040469,
            "5": 0.740839383683307,
            "6": 0.5664361400008083,
            "7": 0.5390962872514002,
            "8": 0.5901532282596903,
            "9": 0.7385653171886667,
            "10": 0.6284422112690737,
            "11": 0.45943588685402365,
            "12": 0.5963244788686253,
            "13": 0.5152728347972592,
            "14": 0.6311098252861729,
            "15": 0.6530740316071842,
            "16": 0.5860007700767736,
            "17": 0.6656313884994778,
            "18": 0.5178340846190992,
            "19": 0.624172752471372,
            "20": 0.6599153766462519
        },
        "f1s": {
            "0": 0.46370945181805906,
            "1": 0.7086227166460597,
            "2": 0.714332564282964,
            "3": 0.6934440961263495,
            "4": 0.7261750304616745,
            "5": 0.7405704639224183,
            "6": 0.5221742490246624,
            "7": 0.5104101773414427,
            "8": 0.5877567723884735,
            "9": 0.7385814258514375,
            "10": 0.6099978009085579,
            "11": 0.35977795189968725,
            "12": 0.5880509010775823,
            "13": 0.5017601623592868,
            "14": 0.6122060290518682,
            "15": 0.6296281220147341,
            "16": 0.5807871124115941,
            "17": 0.6422776351937194,
            "18": 0.4340608825116136,
            "19": 0.5939097720460277,
            "20": 0.6548483138170967
        }
    },
    "centralities - PCA": {
        "accuracy": {
            "0": 0.5339397510652374,
            "1": 0.6192565993664948,
            "2": 0.6048889238708909,
            "3": 0.7602231946273318,
            "4": 0.6340837681856183,
            "5": 0.7616761295345715,
            "6": 0.7635694122101842,
            "7": 0.754311472654829,
            "8": 0.6705177596296824,
            "9": 0.7935768789766914,
            "10": 0.8065745836373577,
            "11": 0.7545710012912613,
            "12": 0.7558282260792243,
            "13": 0.669849792483455,
            "14": 0.8070574770838341,
            "15": 0.8057385610626209,
            "16": 0.7154608866944774,
            "17": 0.6333668735095717,
            "18": 0.7770181010587492,
            "19": 0.7240466045357947,
            "20": 0.7932599136748191
        },
        "f1s": {
            "0": 0.49307440370584366,
            "1": 0.5615254948384817,
            "2": 0.5360296044356341,
            "3": 0.7537492709267868,
            "4": 0.5813818120956059,
            "5": 0.7558862758197414,
            "6": 0.7634123341792568,
            "7": 0.7467012184660751,
            "8": 0.6431247760635944,
            "9": 0.793000206078293,
            "10": 0.8012514084447497,
            "11": 0.7419219700754015,
            "12": 0.7497111738101031,
            "13": 0.6323027466442539,
            "14": 0.8062195187988249,
            "15": 0.8031404162604322,
            "16": 0.6922861508729834,
            "17": 0.579998488224736,
            "18": 0.7767608495529539,
            "19": 0.7100596869482255,
            "20": 0.7931865005371636
        }
    },
    "centralities - DiGraph": {
        "accuracy": {},
        "f1s": {}
    },
    "centralities - MultiDiGraph": {
        "accuracy": {},
        "f1s": {}
    }
}