{
    "model": {},
    "configuration": {
        "folder_path": "./datasets/gdlc/",
        "lr_decay": false,
        "early_stopping": true,
        "pca": true,
        "digraph_centralities": false,
        "multi_graph_centralities": false,
        "learning_rate": 0.0001,
        "LAMBD_1": 0.0001,
        "LAMBD_2": 0.001,
        "cfg": {
            "multi_class": false,
            "with_network_features": false,
            "n_clients": 5,
            "n_rounds": 20,
            "config_fit": {
                "momentum": 0.9,
                "local_epochs": 10,
                "batch_size": 256
            }
        }
    },
    "pca_columns": [
        "global_pca_1",
        "global_pca_2",
        "global_pca_3",
        "global_pca_4",
        "global_pca_5",
        "global_pca_6",
        "global_pca_7"
    ],
    "baseline": {
        "accuracy": {
            "0": 0.49098988901959867,
            "1": 0.7640289055337036,
            "2": 0.7315686804245207,
            "3": 0.7549815670849616,
            "4": 0.8283877528011011,
            "5": 0.81026967578066,
            "6": 0.8483586941029563,
            "7": 0.7848784150883993,
            "8": 0.8057236700752846,
            "9": 0.8432872492730007,
            "10": 0.812901125971371,
            "11": 0.8676850683815411,
            "12": 0.833614489356135,
            "13": 0.834488803041165,
            "14": 0.8301321256033509,
            "15": 0.8434042498877857,
            "16": 0.8217165904744481,
            "17": 0.8506178696102603,
            "18": 0.8381392222224586,
            "19": 0.7993737276183143,
            "20": 0.7967890776735173
        },
        "f1s": {
            "0": 0.41287771030390547,
            "1": 0.7638156256651732,
            "2": 0.7236126910854358,
            "3": 0.745539666737619,
            "4": 0.8270918546856574,
            "5": 0.8091686122489515,
            "6": 0.8479878636032712,
            "7": 0.7794794019178983,
            "8": 0.8030722939178668,
            "9": 0.8424622907854098,
            "10": 0.8113405222418484,
            "11": 0.8673691989287152,
            "12": 0.832342800751963,
            "13": 0.8332268651164435,
            "14": 0.8286838788433868,
            "15": 0.8416129091188996,
            "16": 0.8196586208507671,
            "17": 0.8492060189630922,
            "18": 0.8363297955409333,
            "19": 0.795997690034321,
            "20": 0.7904325398817151
        }
    },
    "PCA": {
        "accuracy": {
            "0": 0.3596194714550409,
            "1": 0.7343852043149827,
            "2": 0.7545114373419162,
            "3": 0.9319503151571106,
            "4": 0.9995660340833428,
            "5": 0.9918418662236244,
            "6": 0.9972090035164003,
            "7": 0.9929374174347935,
            "8": 0.9710838298768515,
            "9": 0.5912104883605661,
            "10": 0.8305618369521978,
            "11": 0.9514298538768685,
            "12": 0.951132034130143,
            "13": 0.7836190630165312,
            "14": 0.9461626989276362,
            "15": 0.7163245639599816,
            "16": 0.9595901149371494,
            "17": 0.919671632456396,
            "18": 0.8093315435784745,
            "19": 0.9516723642420594,
            "20": 0.7279459159339946
        },
        "f1s": {
            "0": 0.3173099129616932,
            "1": 0.723151879679365,
            "2": 0.7401220513723452,
            "3": 0.9317193318855079,
            "4": 0.9995660310908075,
            "5": 0.9918424168976052,
            "6": 0.9972088563936623,
            "7": 0.9929362413371048,
            "8": 0.9710455759069718,
            "9": 0.5043487178652367,
            "10": 0.8275653804224352,
            "11": 0.9512754597903359,
            "12": 0.9509747561289235,
            "13": 0.777508817550187,
            "14": 0.9459570820106434,
            "15": 0.6981563360183809,
            "16": 0.9594966625406122,
            "17": 0.9195854224360192,
            "18": 0.8050969054092036,
            "19": 0.951519518185763,
            "20": 0.7132110878751675
        }
    },
    "digraph": {
        "accuracy": {},
        "f1s": {}
    },
    "multidigraph": {
        "accuracy": {},
        "f1s": {}
    }
}