{
    "model": {},
    "configuration": {
        "folder_path": "./datasets/gdlc/",
        "lr_decay": true,
        "early_stopping": false,
        "pca": true,
        "digraph_centralities": false,
        "multi_graph_centralities": false,
        "learning_rate": 1e-05,
        "LAMBD_1": 0.0001,
        "LAMBD_2": 0.001,
        "cfg": {
            "multi_class": false,
            "with_network_features": false,
            "n_clients": 5,
            "n_rounds": 20,
            "config_fit": {
                "momentum": 0.9,
                "local_epochs": 3,
                "batch_size": 256
            }
        }
    },
    "pca_columns": [
        "global_pca_1",
        "global_pca_2",
        "global_pca_3",
        "global_pca_4",
        "global_pca_5",
        "global_pca_6",
        "global_pca_7"
    ],
    "baseline": {
        "accuracy": {
            "0": 0.5168853159973877,
            "1": 0.775035472459119,
            "2": 0.8105292044170923,
            "3": 0.8321615544488952,
            "4": 0.8539130323793883,
            "5": 0.8617733464090384,
            "6": 0.8847118487586235,
            "7": 0.8856669992320505,
            "8": 0.8838715716160763,
            "9": 0.8597630631186407,
            "10": 0.8723268018626498,
            "11": 0.8758474567257272,
            "12": 0.8699229710497933,
            "13": 0.870920667201324,
            "14": 0.8704505374582786,
            "15": 0.8175088229099967,
            "16": 0.7721572573354067,
            "17": 0.8220612104670877,
            "18": 0.8262179232178147,
            "19": 0.8101782025727372,
            "20": 0.8172599306930903
        },
        "f1s": {
            "0": 0.4997102984014226,
            "1": 0.7734293315964493,
            "2": 0.8086283345109115,
            "3": 0.8309588434468951,
            "4": 0.8524921629400147,
            "5": 0.8610289584300214,
            "6": 0.884301180965623,
            "7": 0.8850593827348672,
            "8": 0.8830680869942786,
            "9": 0.8580653772468857,
            "10": 0.8710204711790839,
            "11": 0.8744870497005195,
            "12": 0.8685215131773911,
            "13": 0.8698320207325464,
            "14": 0.8689517838920929,
            "15": 0.8155025191973668,
            "16": 0.7684564239548074,
            "17": 0.8198443457102365,
            "18": 0.823913226709321,
            "19": 0.8091586086466316,
            "20": 0.8162516199361367
        }
    },
    "PCA": {
        "accuracy": {
            "0": 0.6887251825741412,
            "1": 0.7558814081768539,
            "2": 0.8023029975557507,
            "3": 0.8029943648249351,
            "4": 0.8404303069883403,
            "5": 0.8795936036827539,
            "6": 0.8551468570443943,
            "7": 0.8654578021328149,
            "8": 0.8532365560975402,
            "9": 0.8118162111797278,
            "10": 0.8249543165781362,
            "11": 0.8482650936111282,
            "12": 0.7786497278140243,
            "13": 0.7360657586000771,
            "14": 0.8496584645690229,
            "15": 0.6977427390482106,
            "16": 0.8518389305718352,
            "17": 0.687616867659541,
            "18": 0.7039395170640078,
            "19": 0.8460761184726953,
            "20": 0.8457059710731935
        },
        "f1s": {
            "0": 0.6882967723759745,
            "1": 0.7555627592489915,
            "2": 0.8015279564246719,
            "3": 0.8025168553036122,
            "4": 0.8393173344619773,
            "5": 0.8777939495448043,
            "6": 0.8538206600857368,
            "7": 0.863957599572523,
            "8": 0.851964115374777,
            "9": 0.8109355448168762,
            "10": 0.8242513929848726,
            "11": 0.8471220342383508,
            "12": 0.7786078603780875,
            "13": 0.7359063072552017,
            "14": 0.8484529373926254,
            "15": 0.6965550003049756,
            "16": 0.8504287285753255,
            "17": 0.686038650702254,
            "18": 0.7029631277999231,
            "19": 0.8449131536319923,
            "20": 0.844541022430665
        }
    },
    "digraph": {
        "accuracy": {},
        "f1s": {}
    },
    "multidigraph": {
        "accuracy": {},
        "f1s": {}
    }
}